{"Ranking": 19, "Winrate": 0.4444444444, "Gameplay Position": 0.8888888889, "Tele-op Charge Station": 10.0, "Tele-op Total Score": 11.22222222, "Auto Charge Station": 12, "Auto Total Score": 17.33333333, "Overall Score": 50.55555555, "Comment": ["Lost by 1 point (84 / 83)"], "Team Number": 2852}